Workbook

Sheet Sheet1
A1: 党组织名称 | B1: 党员总数 | C1: 正式党员 | D1: 预备党员 | E1: 入库党员 | F1: 未入库党员 | G1: 女党员 | H1: 少数民族党员 | I1: 大专及以上学历党员 | J1: 事业专技岗位 | K1: 管理岗位 | L1: 退休党员 | M1: 其他无业人员
A2: 中国共产党枣阳市太平镇教育总支部委员会 | B2: =SUM(B3:B15) -> 294 | C2: =SUM(C3:C15) -> 294 | D2: =SUM(D3:D15) -> 0 | E2: =SUM(E3:E15) -> 286 | F2: =SUM(F3:F15) -> 8 | G2: =SUM(G3:G15) -> 82 | H2: =SUM(H3:H15) -> 1 | I2: =SUM(I3:I15) -> 217 | ... M2: =SUM(M3:M15) -> 3
A3: 中共枣阳市太平镇草店小学支部委员会 | B3: =COUNTIF([1]汇总!Q$1:Q$65536,A3) -> 20 | C3: =COUNTIFS([1]汇总!Q$1:Q$65536,A3,[1]汇总!N$1:N$65536,"正式党员") -> 20 | D3: =COUNTIFS([1]汇总!Q$1:Q$65536,A3,[1]汇总!N$1:N$65536,"预备党员") -> 0 | E3: =COUNTIFS([1]汇总!Q$1:Q$65536,A3,[1]汇总!V$1:V$65536,"已入库") -> 19 | F3: =COUNTIFS([1]汇总!Q$1:Q$65536,A3,[1]汇总!V$1:V$65536,"未入库") -> 1 | G3: =COUNTIFS([1]汇总!Q$1:Q$65536,A3,[1]汇总!C$1:C$65536,"女") -> 6 | H3: =COUNTIFS([1]汇总!Q$1:Q$65536,A3,[1]汇总!E$1:E$65536,"<>汉族") -> 0 | I3: {=SUM(COUNTIFS([1]汇总!Q$1:Q$65536,A3,[1]汇总!F$1:F$65536,{"大专","大学","硕士","博士"}))} -> 10 | J3: =COUNTIFS([1]汇总!Q$1:Q$65536,A3,[1]汇总!K$1:K$65536,"*专业技术*") -> 8 | K3: =COUNTIFS([1]汇总!Q$1:Q$65536,A3,[1]汇总!K$1:K$65536,"*管理*") -> 0 | L3: =COUNTIFS([1]汇总!Q$1:Q$65536,A3,[1]汇总!K$1:K$65536,"*退休*") -> 12 | M3: =COUNTIFS([1]汇总!Q$1:Q$65536,A3,[1]汇总!K$1:K$65536,"*无业*") -> 0
A4: 中共枣阳市太平镇光明小学支部 | B4: =COUNTIF([1]汇总!Q$1:Q$65536,A4) -> 11 | C4: =COUNTIFS([1]汇总!Q$1:Q$65536,A4,[1]汇总!N$1:N$65536,"正式党员") -> 11 | D4: =COUNTIFS([1]汇总!Q$1:Q$65536,A4,[1]汇总!N$1:N$65536,"预备党员") -> 0 | E4: =COUNTIFS([1]汇总!Q$1:Q$65536,A4,[1]汇总!V$1:V$65536,"已入库") -> 10 | F4: =COUNTIFS([1]汇总!Q$1:Q$65536,A4,[1]汇总!V$1:V$65536,"未入库") -> 1 | G4: =COUNTIFS([1]汇总!Q$1:Q$65536,A4,[1]汇总!C$1:C$65536,"女") -> 2 | H4: =COUNTIFS([1]汇总!Q$1:Q$65536,A4,[1]汇总!E$1:E$65536,"<>汉族") -> 0 | I4: {=SUM(COUNTIFS([1]汇总!Q$1:Q$65536,A4,[1]汇总!F$1:F$65536,{"大专","大学","硕士","博士"}))} -> 10 | J4: =COUNTIFS([1]汇总!Q$1:Q$65536,A4,[1]汇总!K$1:K$65536,"*专业技术*") -> 6 | K4: =COUNTIFS([1]汇总!Q$1:Q$65536,A4,[1]汇总!K$1:K$65536,"*管理*") -> 0 | L4: =COUNTIFS([1]汇总!Q$1:Q$65536,A4,[1]汇总!K$1:K$65536,"*退休*") -> 5 | M4: =COUNTIFS([1]汇总!Q$1:Q$65536,A4,[1]汇总!K$1:K$65536,"*无业*") -> 0
A5: 中共枣阳市太平镇中心小学支部委员会 | B5: =COUNTIF([1]汇总!Q$1:Q$65536,A5) -> 46 | C5: =COUNTIFS([1]汇总!Q$1:Q$65536,A5,[1]汇总!N$1:N$65536,"正式党员") -> 46 | D5: =COUNTIFS([1]汇总!Q$1:Q$65536,A5,[1]汇总!N$1:N$65536,"预备党员") -> 0 | E5: =COUNTIFS([1]汇总!Q$1:Q$65536,A5,[1]汇总!V$1:V$65536,"已入库") -> 46 | F5: =COUNTIFS([1]汇总!Q$1:Q$65536,A5,[1]汇总!V$1:V$65536,"未入库") -> 0 | G5: =COUNTIFS([1]汇总!Q$1:Q$65536,A5,[1]汇总!C$1:C$65536,"女") -> 20 | H5: =COUNTIFS([1]汇总!Q$1:Q$65536,A5,[1]汇总!E$1:E$65536,"<>汉族") -> 0 | I5: {=SUM(COUNTIFS([1]汇总!Q$1:Q$65536,A5,[1]汇总!F$1:F$65536,{"大专","大学","硕士","博士"}))} -> 34 | J5: =COUNTIFS([1]汇总!Q$1:Q$65536,A5,[1]汇总!K$1:K$65536,"*专业技术*") -> 22 | K5: =COUNTIFS([1]汇总!Q$1:Q$65536,A5,[1]汇总!K$1:K$65536,"*管理*") -> 1 | L5: =COUNTIFS([1]汇总!Q$1:Q$65536,A5,[1]汇总!K$1:K$65536,"*退休*") -> 23 | M5: =COUNTIFS([1]汇总!Q$1:Q$65536,A5,[1]汇总!K$1:K$65536,"*无业*") -> 0
A6: 中共枣阳市太平镇李岗小学支部委员会 | B6: =COUNTIF([1]汇总!Q$1:Q$65536,A6) -> 15 | C6: =COUNTIFS([1]汇总!Q$1:Q$65536,A6,[1]汇总!N$1:N$65536,"正式党员") -> 15 | D6: =COUNTIFS([1]汇总!Q$1:Q$65536,A6,[1]汇总!N$1:N$65536,"预备党员") -> 0 | E6: =COUNTIFS([1]汇总!Q$1:Q$65536,A6,[1]汇总!V$1:V$65536,"已入库") -> 15 | F6: =COUNTIFS([1]汇总!Q$1:Q$65536,A6,[1]汇总!V$1:V$65536,"未入库") -> 0 | G6: =COUNTIFS([1]汇总!Q$1:Q$65536,A6,[1]汇总!C$1:C$65536,"女") -> 5 | H6: =COUNTIFS([1]汇总!Q$1:Q$65536,A6,[1]汇总!E$1:E$65536,"<>汉族") -> 0 | I6: {=SUM(COUNTIFS([1]汇总!Q$1:Q$65536,A6,[1]汇总!F$1:F$65536,{"大专","大学","硕士","博士"}))} -> 9 | J6: =COUNTIFS([1]汇总!Q$1:Q$65536,A6,[1]汇总!K$1:K$65536,"*专业技术*") -> 4 | K6: =COUNTIFS([1]汇总!Q$1:Q$65536,A6,[1]汇总!K$1:K$65536,"*管理*") -> 0 | L6: =COUNTIFS([1]汇总!Q$1:Q$65536,A6,[1]汇总!K$1:K$65536,"*退休*") -> 11 | M6: =COUNTIFS([1]汇总!Q$1:Q$65536,A6,[1]汇总!K$1:K$65536,"*无业*") -> 0
A7: 中共枣阳市太平镇第一初级中学支部委员会 | B7: =COUNTIF([1]汇总!Q$1:Q$65536,A7) -> 35 | C7: =COUNTIFS([1]汇总!Q$1:Q$65536,A7,[1]汇总!N$1:N$65536,"正式党员") -> 35 | D7: =COUNTIFS([1]汇总!Q$1:Q$65536,A7,[1]汇总!N$1:N$65536,"预备党员") -> 0 | E7: =COUNTIFS([1]汇总!Q$1:Q$65536,A7,[1]汇总!V$1:V$65536,"已入库") -> 34 | F7: =COUNTIFS([1]汇总!Q$1:Q$65536,A7,[1]汇总!V$1:V$65536,"未入库") -> 1 | G7: =COUNTIFS([1]汇总!Q$1:Q$65536,A7,[1]汇总!C$1:C$65536,"女") -> 5 | H7: =COUNTIFS([1]汇总!Q$1:Q$65536,A7,[1]汇总!E$1:E$65536,"<>汉族") -> 0 | I7: {=SUM(COUNTIFS([1]汇总!Q$1:Q$65536,A7,[1]汇总!F$1:F$65536,{"大专","大学","硕士","博士"}))} -> 27 | J7: =COUNTIFS([1]汇总!Q$1:Q$65536,A7,[1]汇总!K$1:K$65536,"*专业技术*") -> 17 | K7: =COUNTIFS([1]汇总!Q$1:Q$65536,A7,[1]汇总!K$1:K$65536,"*管理*") -> 1 | L7: =COUNTIFS([1]汇总!Q$1:Q$65536,A7,[1]汇总!K$1:K$65536,"*退休*") -> 15 | M7: =COUNTIFS([1]汇总!Q$1:Q$65536,A7,[1]汇总!K$1:K$65536,"*无业*") -> 2
A8: 中共枣阳市太平镇中心学校机关支部委员会 | B8: =COUNTIF([1]汇总!Q$1:Q$65536,A8) -> 13 | C8: =COUNTIFS([1]汇总!Q$1:Q$65536,A8,[1]汇总!N$1:N$65536,"正式党员") -> 13 | D8: =COUNTIFS([1]汇总!Q$1:Q$65536,A8,[1]汇总!N$1:N$65536,"预备党员") -> 0 | E8: =COUNTIFS([1]汇总!Q$1:Q$65536,A8,[1]汇总!V$1:V$65536,"已入库") -> 13 | F8: =COUNTIFS([1]汇总!Q$1:Q$65536,A8,[1]汇总!V$1:V$65536,"未入库") -> 0 | G8: =COUNTIFS([1]汇总!Q$1:Q$65536,A8,[1]汇总!C$1:C$65536,"女") -> 0 | H8: =COUNTIFS([1]汇总!Q$1:Q$65536,A8,[1]汇总!E$1:E$65536,"<>汉族") -> 0 | I8: {=SUM(COUNTIFS([1]汇总!Q$1:Q$65536,A8,[1]汇总!F$1:F$65536,{"大专","大学","硕士","博士"}))} -> 13 | J8: =COUNTIFS([1]汇总!Q$1:Q$65536,A8,[1]汇总!K$1:K$65536,"*专业技术*") -> 13 | K8: =COUNTIFS([1]汇总!Q$1:Q$65536,A8,[1]汇总!K$1:K$65536,"*管理*") -> 0 | L8: =COUNTIFS([1]汇总!Q$1:Q$65536,A8,[1]汇总!K$1:K$65536,"*退休*") -> 0 | M8: =COUNTIFS([1]汇总!Q$1:Q$65536,A8,[1]汇总!K$1:K$65536,"*无业*") -> 0
A9: 中共枣阳市太平镇双河小学支部委员会 | B9: =COUNTIF([1]汇总!Q$1:Q$65536,A9) -> 15 | C9: =COUNTIFS([1]汇总!Q$1:Q$65536,A9,[1]汇总!N$1:N$65536,"正式党员") -> 15 | D9: =COUNTIFS([1]汇总!Q$1:Q$65536,A9,[1]汇总!N$1:N$65536,"预备党员") -> 0 | E9: =COUNTIFS([1]汇总!Q$1:Q$65536,A9,[1]汇总!V$1:V$65536,"已入库") -> 15 | F9: =COUNTIFS([1]汇总!Q$1:Q$65536,A9,[1]汇总!V$1:V$65536,"未入库") -> 0 | G9: =COUNTIFS([1]汇总!Q$1:Q$65536,A9,[1]汇总!C$1:C$65536,"女") -> 6 | H9: =COUNTIFS([1]汇总!Q$1:Q$65536,A9,[1]汇总!E$1:E$65536,"<>汉族") -> 0 | I9: {=SUM(COUNTIFS([1]汇总!Q$1:Q$65536,A9,[1]汇总!F$1:F$65536,{"大专","大学","硕士","博士"}))} -> 14 | J9: =COUNTIFS([1]汇总!Q$1:Q$65536,A9,[1]汇总!K$1:K$65536,"*专业技术*") -> 5 | K9: =COUNTIFS([1]汇总!Q$1:Q$65536,A9,[1]汇总!K$1:K$65536,"*管理*") -> 0 | L9: =COUNTIFS([1]汇总!Q$1:Q$65536,A9,[1]汇总!K$1:K$65536,"*退休*") -> 10 | M9: =COUNTIFS([1]汇总!Q$1:Q$65536,A9,[1]汇总!K$1:K$65536,"*无业*") -> 0
A10: 中共枣阳市太平镇第二初级中学支部委员会 | B10: =COUNTIF([1]汇总!Q$1:Q$65536,A10) -> 26 | C10: =COUNTIFS([1]汇总!Q$1:Q$65536,A10,[1]汇总!N$1:N$65536,"正式党员") -> 26 | D10: =COUNTIFS([1]汇总!Q$1:Q$65536,A10,[1]汇总!N$1:N$65536,"预备党员") -> 0 | E10: =COUNTIFS([1]汇总!Q$1:Q$65536,A10,[1]汇总!V$1:V$65536,"已入库") -> 25 | F10: =COUNTIFS([1]汇总!Q$1:Q$65536,A10,[1]汇总!V$1:V$65536,"未入库") -> 1 | G10: =COUNTIFS([1]汇总!Q$1:Q$65536,A10,[1]汇总!C$1:C$65536,"女") -> 4 | H10: =COUNTIFS([1]汇总!Q$1:Q$65536,A10,[1]汇总!E$1:E$65536,"<>汉族") -> 1 | I10: {=SUM(COUNTIFS([1]汇总!Q$1:Q$65536,A10,[1]汇总!F$1:F$65536,{"大专","大学","硕士","博士"}))} -> 26 | J10: =COUNTIFS([1]汇总!Q$1:Q$65536,A10,[1]汇总!K$1:K$65536,"*专业技术*") -> 17 | K10: =COUNTIFS([1]汇总!Q$1:Q$65536,A10,[1]汇总!K$1:K$65536,"*管理*") -> 0 | L10: =COUNTIFS([1]汇总!Q$1:Q$65536,A10,[1]汇总!K$1:K$65536,"*退休*") -> 8 | M10: =COUNTIFS([1]汇总!Q$1:Q$65536,A10,[1]汇总!K$1:K$65536,"*无业*") -> 1
A11: 中共枣阳市太平镇第三初级中学支部委员会 | B11: =COUNTIF([1]汇总!Q$1:Q$65536,A11) -> 35 | C11: =COUNTIFS([1]汇总!Q$1:Q$65536,A11,[1]汇总!N$1:N$65536,"正式党员") -> 35 | D11: =COUNTIFS([1]汇总!Q$1:Q$65536,A11,[1]汇总!N$1:N$65536,"预备党员") -> 0 | E11: =COUNTIFS([1]汇总!Q$1:Q$65536,A11,[1]汇总!V$1:V$65536,"已入库") -> 33 | F11: =COUNTIFS([1]汇总!Q$1:Q$65536,A11,[1]汇总!V$1:V$65536,"未入库") -> 2 | G11: =COUNTIFS([1]汇总!Q$1:Q$65536,A11,[1]汇总!C$1:C$65536,"女") -> 5 | H11: =COUNTIFS([1]汇总!Q$1:Q$65536,A11,[1]汇总!E$1:E$65536,"<>汉族") -> 0 | I11: {=SUM(COUNTIFS([1]汇总!Q$1:Q$65536,A11,[1]汇总!F$1:F$65536,{"大专","大学","硕士","博士"}))} -> 24 | J11: =COUNTIFS([1]汇总!Q$1:Q$65536,A11,[1]汇总!K$1:K$65536,"*专业技术*") -> 16 | K11: =COUNTIFS([1]汇总!Q$1:Q$65536,A11,[1]汇总!K$1:K$65536,"*管理*") -> 1 | L11: =COUNTIFS([1]汇总!Q$1:Q$65536,A11,[1]汇总!K$1:K$65536,"*退休*") -> 18 | M11: =COUNTIFS([1]汇总!Q$1:Q$65536,A11,[1]汇总!K$1:K$65536,"*无业*") -> 0
A12: 中共枣阳市太平镇第二小学支部委员会 | B12: =COUNTIF([1]汇总!Q$1:Q$65536,A12) -> 47 | C12: =COUNTIFS([1]汇总!Q$1:Q$65536,A12,[1]汇总!N$1:N$65536,"正式党员") -> 47 | D12: =COUNTIFS([1]汇总!Q$1:Q$65536,A12,[1]汇总!N$1:N$65536,"预备党员") -> 0 | E12: =COUNTIFS([1]汇总!Q$1:Q$65536,A12,[1]汇总!V$1:V$65536,"已入库") -> 45 | F12: =COUNTIFS([1]汇总!Q$1:Q$65536,A12,[1]汇总!V$1:V$65536,"未入库") -> 2 | G12: =COUNTIFS([1]汇总!Q$1:Q$65536,A12,[1]汇总!C$1:C$65536,"女") -> 15 | H12: =COUNTIFS([1]汇总!Q$1:Q$65536,A12,[1]汇总!E$1:E$65536,"<>汉族") -> 0 | I12: {=SUM(COUNTIFS([1]汇总!Q$1:Q$65536,A12,[1]汇总!F$1:F$65536,{"大专","大学","硕士","博士"}))} -> 30 | J12: =COUNTIFS([1]汇总!Q$1:Q$65536,A12,[1]汇总!K$1:K$65536,"*专业技术*") -> 11 | K12: =COUNTIFS([1]汇总!Q$1:Q$65536,A12,[1]汇总!K$1:K$65536,"*管理*") -> 1 | L12: =COUNTIFS([1]汇总!Q$1:Q$65536,A12,[1]汇总!K$1:K$65536,"*退休*") -> 35 | M12: =COUNTIFS([1]汇总!Q$1:Q$65536,A12,[1]汇总!K$1:K$65536,"*无业*") -> 0
A13: 中共枣阳市太平镇寺庄小学支部委员会 | B13: =COUNTIF([1]汇总!Q$1:Q$65536,A13) -> 12 | C13: =COUNTIFS([1]汇总!Q$1:Q$65536,A13,[1]汇总!N$1:N$65536,"正式党员") -> 12 | D13: =COUNTIFS([1]汇总!Q$1:Q$65536,A13,[1]汇总!N$1:N$65536,"预备党员") -> 0 | E13: =COUNTIFS([1]汇总!Q$1:Q$65536,A13,[1]汇总!V$1:V$65536,"已入库") -> 12 | F13: =COUNTIFS([1]汇总!Q$1:Q$65536,A13,[1]汇总!V$1:V$65536,"未入库") -> 0 | G13: =COUNTIFS([1]汇总!Q$1:Q$65536,A13,[1]汇总!C$1:C$65536,"女") -> 4 | H13: =COUNTIFS([1]汇总!Q$1:Q$65536,A13,[1]汇总!E$1:E$65536,"<>汉族") -> 0 | I13: {=SUM(COUNTIFS([1]汇总!Q$1:Q$65536,A13,[1]汇总!F$1:F$65536,{"大专","大学","硕士","博士"}))} -> 5 | J13: =COUNTIFS([1]汇总!Q$1:Q$65536,A13,[1]汇总!K$1:K$65536,"*专业技术*") -> 4 | K13: =COUNTIFS([1]汇总!Q$1:Q$65536,A13,[1]汇总!K$1:K$65536,"*管理*") -> 0 | L13: =COUNTIFS([1]汇总!Q$1:Q$65536,A13,[1]汇总!K$1:K$65536,"*退休*") -> 8 | M13: =COUNTIFS([1]汇总!Q$1:Q$65536,A13,[1]汇总!K$1:K$65536,"*无业*") -> 0
A14: 中共枣阳市太平镇湖河小学支部委员会 | B14: =COUNTIF([1]汇总!Q$1:Q$65536,A14) -> 14 | C14: =COUNTIFS([1]汇总!Q$1:Q$65536,A14,[1]汇总!N$1:N$65536,"正式党员") -> 14 | D14: =COUNTIFS([1]汇总!Q$1:Q$65536,A14,[1]汇总!N$1:N$65536,"预备党员") -> 0 | E14: =COUNTIFS([1]汇总!Q$1:Q$65536,A14,[1]汇总!V$1:V$65536,"已入库") -> 14 | F14: =COUNTIFS([1]汇总!Q$1:Q$65536,A14,[1]汇总!V$1:V$65536,"未入库") -> 0 | G14: =COUNTIFS([1]汇总!Q$1:Q$65536,A14,[1]汇总!C$1:C$65536,"女") -> 6 | H14: =COUNTIFS([1]汇总!Q$1:Q$65536,A14,[1]汇总!E$1:E$65536,"<>汉族") -> 0 | I14: {=SUM(COUNTIFS([1]汇总!Q$1:Q$65536,A14,[1]汇总!F$1:F$65536,{"大专","大学","硕士","博士"}))} -> 10 | J14: =COUNTIFS([1]汇总!Q$1:Q$65536,A14,[1]汇总!K$1:K$65536,"*专业技术*") -> 7 | K14: =COUNTIFS([1]汇总!Q$1:Q$65536,A14,[1]汇总!K$1:K$65536,"*管理*") -> 0 | L14: =COUNTIFS([1]汇总!Q$1:Q$65536,A14,[1]汇总!K$1:K$65536,"*退休*") -> 7 | M14: =COUNTIFS([1]汇总!Q$1:Q$65536,A14,[1]汇总!K$1:K$65536,"*无业*") -> 0
A15: 中共枣阳市太平镇中心幼儿园支部委员会 | B15: =COUNTIF([1]汇总!Q$1:Q$65536,A15) -> 5 | C15: =COUNTIFS([1]汇总!Q$1:Q$65536,A15,[1]汇总!N$1:N$65536,"正式党员") -> 5 | D15: =COUNTIFS([1]汇总!Q$1:Q$65536,A15,[1]汇总!N$1:N$65536,"预备党员") -> 0 | E15: =COUNTIFS([1]汇总!Q$1:Q$65536,A15,[1]汇总!V$1:V$65536,"已入库") -> 5 | F15: =COUNTIFS([1]汇总!Q$1:Q$65536,A15,[1]汇总!V$1:V$65536,"未入库") -> 0 | G15: =COUNTIFS([1]汇总!Q$1:Q$65536,A15,[1]汇总!C$1:C$65536,"女") -> 4 | H15: =COUNTIFS([1]汇总!Q$1:Q$65536,A15,[1]汇总!E$1:E$65536,"<>汉族") -> 0 | I15: {=SUM(COUNTIFS([1]汇总!Q$1:Q$65536,A15,[1]汇总!F$1:F$65536,{"大专","大学","硕士","博士"}))} -> 5 | J15: =COUNTIFS([1]汇总!Q$1:Q$65536,A15,[1]汇总!K$1:K$65536,"*专业技术*") -> 4 | K15: =COUNTIFS([1]汇总!Q$1:Q$65536,A15,[1]汇总!K$1:K$65536,"*管理*") -> 1 | L15: =COUNTIFS([1]汇总!Q$1:Q$65536,A15,[1]汇总!K$1:K$65536,"*退休*") -> 0 | M15: =COUNTIFS([1]汇总!Q$1:Q$65536,A15,[1]汇总!K$1:K$65536,"*无业*") -> 0
